Country Name,Year,Value
Albania,1985,7.026239872
Argentina,1985,35.64609909
Australia,1985,27.78528023
Austria,1985,25.56060982
"Bahamas, The",1985,15.00415993
Bahrain,1985,12.16149998
Bangladesh,1985,4.982689857
Barbados,1985,19.36499977
Belarus,1985,43.7447319
Belgium,1985,30.95516014
Benin,1985,1.984300017
Botswana,1985,1.832229972
Bulgaria,1985,17.06952095
Burkina Faso,1985,0.593140006
Burundi,1985,0.593039989
Cambodia,1985,0.251659989
Cameroon,1985,2.080169916
Central African Republic,1985,1.115980029
Chad,1985,0.391099989
Chile,1985,15.9152298
China,1985,2.475470066
Colombia,1985,11.07277012
"Congo, Dem. Rep.",1985,1.442289948
"Congo, Rep.",1985,5.809130192
Costa Rica,1985,21.90788078
Cote d'Ivoire,1985,2.434200048
Cuba,1985,18.05867958
Cyprus,1985,3.964230061
Czech Republic,1985,16.32967949
Denmark,1985,28.83612061
Dominica,1985,0.712930024
Ecuador,1985,31.73006058
"Egypt, Arab Rep.",1985,18.66448021
El Salvador,1985,15.71860027
Fiji,1985,3.131180048
Finland,1985,31.96208
France,1985,29.02795982
Greece,1985,22.76400948
Guatemala,1985,6.778580189
Guinea,1985,2.449500084
Guyana,1985,2.70133996
Honduras,1985,8.715310097
Hungary,1985,16.04810905
Iceland,1985,20.89934921
India,1985,5.849510193
Indonesia,1985,6.145130157
Iraq,1985,10.36392975
Ireland,1985,21.37178993
Italy,1985,25.79003906
Japan,1985,29.02973938
Jordan,1985,20.37988091
Kenya,1985,1.277920008
"Korea, Rep.",1985,31.58513069
Kuwait,1985,15.03003025
Lao PDR,1985,1.459929943
Latvia,1985,23.54714966
Lebanon,1985,26.34833908
Lesotho,1985,1.279989958
Libya,1985,9.513170242
Luxembourg,1985,2.874880075
"Macedonia, FYR",1985,22.84127045
Madagascar,1985,4.094530106
Malawi,1985,0.465609998
Malaysia,1985,5.596720219
Mali,1985,1.101250052
Malta,1985,5.172480106
Mauritania,1985,1.682209969
Mauritius,1985,1.065299988
Mongolia,1985,23.75942039
Mozambique,1985,0.121799998
Myanmar,1985,4.794370174
Nepal,1985,3.424000025
Netherlands,1985,30.61758041
New Zealand,1985,32.12837982
Nicaragua,1985,8.31637001
Niger,1985,0.553749979
Nigeria,1985,3.389139891
Norway,1985,29.8101902
Oman,1985,0.316020012
Panama,1985,24.29512978
Papua New Guinea,1985,1.512269974
Paraguay,1985,9.115880013
Peru,1985,22.03988075
Philippines,1985,27.75008011
Poland,1985,16.26024055
Portugal,1985,13.8476696
Qatar,1985,16.78953934
Romania,1985,11.73655033
Russian Federation,1985,
Rwanda,1985,
Saudi Arabia,1985,
Senegal,1985,
Sierra Leone,1985,
Slovenia,1985,
Spain,1985,
Sri Lanka,1985,
St. Kitts and Nevis,1985,
St. Lucia,1985,
Suriname,1985,
Swaziland,1985,
Sweden,1985,
Switzerland,1985,
Syrian Arab Republic,1985,
Tanzania,1985,
Thailand,1985,
Tonga,1985,
Trinidad and Tobago,1985,
Tunisia,1985,
Turkey,1985,
Uganda,1985,
Ukraine,1985,
United Arab Emirates,1985,
United Kingdom,1985,
United States,1985,
"Venezuela, RB",1985,
Zimbabwe,1985,
Albania,1986,7.221590042
Argentina,1986,37.51216888
Australia,1986,29.35474014
Austria,1986,26.74003983
"Bahamas, The",1986,17.45377922
Bahrain,1986,12.71714973
Bangladesh,1986,4.843900204
Barbados,1986,
Belarus,1986,44.74734879
Belgium,1986,31.76913071
Benin,1986,2.377569914
Botswana,1986,2.186749935
Bulgaria,1986,18.73819923
Burkina Faso,1986,0.611819983
Burundi,1986,0.647059977
Cambodia,1986,0.273279995
Cameroon,1986,
Central African Republic,1986,1.138910055
Chad,1986,
Chile,1986,17.02347946
China,1986,3.016839981
Colombia,1986,11.64251041
"Congo, Dem. Rep.",1986,1.481359959
"Congo, Rep.",1986,5.731910229
Costa Rica,1986,22.87523079
Cote d'Ivoire,1986,
Cuba,1986,19.9155407
Cyprus,1986,4.834849834
Czech Republic,1986,16.15712929
Denmark,1986,29.1119194
Dominica,1986,
Ecuador,1986,
"Egypt, Arab Rep.",1986,18.61828995
El Salvador,1986,16.2147007
Fiji,1986,3.060499907
Finland,1986,34.10874176
France,1986,29.57323074
Greece,1986,24.19643021
Guatemala,1986,7.086140156
Guinea,1986,1.980970025
Guyana,1986,2.76631999
Honduras,1986,
Hungary,1986,16.10758018
Iceland,1986,21.32345963
India,1986,6.005340099
Indonesia,1986,6.396160126
Iraq,1986,11.40898037
Ireland,1986,22.63466072
Italy,1986,25.60576057
Japan,1986,28.01094055
Jordan,1986,19.38841057
Kenya,1986,
"Korea, Rep.",1986,34.10005188
Kuwait,1986,15.87230968
Lao PDR,1986,1.46923995
Latvia,1986,23.16786957
Lebanon,1986,29.97726059
Lesotho,1986,1.316310048
Libya,1986,
Luxembourg,1986,2.602610111
"Macedonia, FYR",1986,21.86186028
Madagascar,1986,4.032000065
Malawi,1986,0.457269996
Malaysia,1986,6.532690048
Mali,1986,0.984799981
Malta,1986,5.684539795
Mauritania,1986,2.620079994
Mauritius,1986,0.993600011
Mongolia,1986,23.48467064
Mozambique,1986,
Myanmar,1986,4.440480232
Nepal,1986,4.808889866
Netherlands,1986,31.59052086
New Zealand,1986,34.85385895
Nicaragua,1986,7.526949883
Niger,1986,
Nigeria,1986,3.547130108
Norway,1986,29.6290493
Oman,1986,0.826240003
Panama,1986,26.69705009
Papua New Guinea,1986,1.859009981
Paraguay,1986,8.770350456
Peru,1986,25.30493927
Philippines,1986,24.64109993
Poland,1986,16.88377953
Portugal,1986,12.85820007
Qatar,1986,18.53624916
Romania,1986,10.89381981
Russian Federation,1986,
Rwanda,1986,
Saudi Arabia,1986,
Senegal,1986,
Sierra Leone,1986,
Slovenia,1986,
Spain,1986,
Sri Lanka,1986,
St. Kitts and Nevis,1986,
St. Lucia,1986,
Suriname,1986,
Swaziland,1986,
Sweden,1986,
Switzerland,1986,
Syrian Arab Republic,1986,
Tanzania,1986,
Thailand,1986,
Tonga,1986,
Trinidad and Tobago,1986,
Tunisia,1986,
Turkey,1986,
Uganda,1986,
Ukraine,1986,
United Arab Emirates,1986,
United Kingdom,1986,
United States,1986,
"Venezuela, RB",1986,
Zimbabwe,1986,
Albania,1987,7.327420235
Argentina,1987,39.27062988
Australia,1987,29.4972496
Austria,1987,27.85111046
"Bahamas, The",1987,19.36623955
Bahrain,1987,9.544130325
Bangladesh,1987,4.190859795
Barbados,1987,
Belarus,1987,45.76441956
Belgium,1987,33.19422913
Benin,1987,2.25545001
Botswana,1987,2.437259912
Bulgaria,1987,20.78952026
Burkina Faso,1987,0.63894999
Burundi,1987,0.628679991
Cambodia,1987,
Cameroon,1987,2.344899893
Central African Republic,1987,1.033740044
Chad,1987,
Chile,1987,17.64481926
China,1987,3.157269955
Colombia,1987,12.04423046
"Congo, Dem. Rep.",1987,1.614189982
"Congo, Rep.",1987,5.707709789
Costa Rica,1987,24.73472023
Cote d'Ivoire,1987,2.682529926
Cuba,1987,21.9482193
Cyprus,1987,5.429480076
Czech Republic,1987,16.46445084
Denmark,1987,29.63172913
Dominica,1987,
Ecuador,1987,
"Egypt, Arab Rep.",1987,18.79256058
El Salvador,1987,
Fiji,1987,
Finland,1987,36.08156967
France,1987,29.97680092
Greece,1987,25.95046997
Guatemala,1987,
Guinea,1987,1.49406004
Guyana,1987,
Honduras,1987,8.33728981
Hungary,1987,15.67918968
Iceland,1987,21.58485985
India,1987,6.346849918
Indonesia,1987,7.589809895
Iraq,1987,10.87320995
Ireland,1987,24.24700928
Italy,1987,24.83555031
Japan,1987,28.48558998
Jordan,1987,20.89950943
Kenya,1987,1.461459994
"Korea, Rep.",1987,35.24647903
Kuwait,1987,15.89227962
Lao PDR,1987,
Latvia,1987,23.09608078
Lebanon,1987,32.1186409
Lesotho,1987,1.531579971
Libya,1987,
Luxembourg,1987,2.438940048
"Macedonia, FYR",1987,20.34148026
Madagascar,1987,3.582299948
Malawi,1987,0.462269992
Malaysia,1987,7.135970116
Mali,1987,0.799239993
Malta,1987,5.780970097
Mauritania,1987,3.035860062
Mauritius,1987,1.406679988
Mongolia,1987,22.67358971
Mozambique,1987,0.203879997
Myanmar,1987,6.228219986
Nepal,1987,5.000070095
Netherlands,1987,31.10819054
New Zealand,1987,36.47322083
Nicaragua,1987,7.383269787
Niger,1987,0.573210001
Nigeria,1987,3.481280088
Norway,1987,32.05004883
Oman,1987,1.702870011
Panama,1987,23.38779068
Papua New Guinea,1987,
Paraguay,1987,8.251070023
Peru,1987,26.46632004
Philippines,1987,23.37438011
Poland,1987,17.40545082
Portugal,1987,16.29096985
Qatar,1987,17.96931076
Romania,1987,9.914259911
Russian Federation,1987,
Rwanda,1987,
Saudi Arabia,1987,
Senegal,1987,
Sierra Leone,1987,
Slovenia,1987,
Spain,1987,
Sri Lanka,1987,
St. Kitts and Nevis,1987,
St. Lucia,1987,
Suriname,1987,
Swaziland,1987,
Sweden,1987,
Switzerland,1987,
Syrian Arab Republic,1987,
Tanzania,1987,
Thailand,1987,
Tonga,1987,
Trinidad and Tobago,1987,
Tunisia,1987,
Turkey,1987,
Uganda,1987,
Ukraine,1987,
United Arab Emirates,1987,
United Kingdom,1987,
United States,1987,
"Venezuela, RB",1987,
Zimbabwe,1987,
Albania,1988,7.738810062
Argentina,1988,
Australia,1988,31.27886963
Austria,1988,29.40320969
"Bahamas, The",1988,20.94272041
Bahrain,1988,13.29312992
Bangladesh,1988,3.600169897
Barbados,1988,
Belarus,1988,46.70534134
Belgium,1988,34.3397789
Benin,1988,2.188829899
Botswana,1988,
Bulgaria,1988,22.58201027
Burkina Faso,1988,0.678569973
Burundi,1988,0.742799997
Cambodia,1988,
Cameroon,1988,2.513639927
Central African Republic,1988,1.141720057
Chad,1988,
Chile,1988,18.4041996
China,1988,3.12477994
Colombia,1988,12.71378994
"Congo, Dem. Rep.",1988,1.812469959
"Congo, Rep.",1988,6.035620213
Costa Rica,1988,24.73263931
Cote d'Ivoire,1988,
Cuba,1988,22.65875053
Cyprus,1988,6.755099773
Czech Republic,1988,16.4979496
Denmark,1988,30.61252022
Dominica,1988,
Ecuador,1988,28.2625103
"Egypt, Arab Rep.",1988,18.46659088
El Salvador,1988,16.37812042
Fiji,1988,
Finland,1988,38.13050079
France,1988,30.93821907
Greece,1988,24.53198051
Guatemala,1988,
Guinea,1988,1.284980059
Guyana,1988,4.464449883
Honduras,1988,9.294389725
Hungary,1988,15.28649998
Iceland,1988,21.7741909
India,1988,5.544620037
Indonesia,1988,6.863800049
Iraq,1988,11.16154957
Ireland,1988,25.63986015
Italy,1988,26.48111916
Japan,1988,29.24832916
Jordan,1988,18.54803085
Kenya,1988,
"Korea, Rep.",1988,35.70053101
Kuwait,1988,15.75866032
Lao PDR,1988,1.363309979
Latvia,1988,23.56458092
Lebanon,1988,
Lesotho,1988,1.624680042
Libya,1988,
Luxembourg,1988,
"Macedonia, FYR",1988,19.41437912
Madagascar,1988,3.591860056
Malawi,1988,0.441709995
Malaysia,1988,7.215149879
Mali,1988,
Malta,1988,5.929359913
Mauritania,1988,2.974849939
Mauritius,1988,1.855599999
Mongolia,1988,22.21582031
Mozambique,1988,
Myanmar,1988,5.276450157
Nepal,1988,5.585730076
Netherlands,1988,32.27363968
New Zealand,1988,40.09994125
Nicaragua,1988,
Niger,1988,
Nigeria,1988,3.854150057
Norway,1988,32.29005814
Oman,1988,2.534159899
Panama,1988,21.25242996
Papua New Guinea,1988,
Paraguay,1988,8.125479698
Peru,1988,28.18749046
Philippines,1988,24.64933014
Poland,1988,18.19570923
Portugal,1988,
Qatar,1988,17.66435051
Romania,1988,9.044019699
Russian Federation,1988,
Rwanda,1988,
Saudi Arabia,1988,
Senegal,1988,
Sierra Leone,1988,
Slovenia,1988,
Spain,1988,
Sri Lanka,1988,
St. Kitts and Nevis,1988,
St. Lucia,1988,
Suriname,1988,
Swaziland,1988,
Sweden,1988,
Switzerland,1988,
Syrian Arab Republic,1988,
Tanzania,1988,
Thailand,1988,
Tonga,1988,
Trinidad and Tobago,1988,
Tunisia,1988,
Turkey,1988,
Uganda,1988,
Ukraine,1988,
United Arab Emirates,1988,
United Kingdom,1988,
United States,1988,
"Venezuela, RB",1988,
Zimbabwe,1988,
Albania,1989,8.149889946
Argentina,1989,
Australia,1989,32.40879822
Austria,1989,30.62068939
"Bahamas, The",1989,
Bahrain,1989,
Bangladesh,1989,3.560930014
Barbados,1989,16.81125069
Belarus,1989,47.33892059
Belgium,1989,36.04117966
Benin,1989,2.328530073
Botswana,1989,
Bulgaria,1989,25.04838943
Burkina Faso,1989,0.754429996
Burundi,1989,0.742540002
Cambodia,1989,0.604759991
Cameroon,1989,2.504920006
Central African Republic,1989,1.251139998
Chad,1989,0.63924998
Chile,1989,
China,1989,3.032429934
Colombia,1989,13.32588959
"Congo, Dem. Rep.",1989,2.046750069
"Congo, Rep.",1989,4.992300034
Costa Rica,1989,26.40582085
Cote d'Ivoire,1989,
Cuba,1989,21.76705933
Cyprus,1989,7.934470177
Czech Republic,1989,16.31851959
Denmark,1989,31.87900925
Dominica,1989,0.84179002
Ecuador,1989,24.79635048
"Egypt, Arab Rep.",1989,15.90765953
El Salvador,1989,16.89248085
Fiji,1989,5.142670155
Finland,1989,41.01773071
France,1989,34.42588043
Greece,1989,24.16452026
Guatemala,1989,
Guinea,1989,1.321030021
Guyana,1989,
Honduras,1989,9.276200294
Hungary,1989,14.83152962
Iceland,1989,23.40426064
India,1989,5.759439945
Indonesia,1989,7.930920124
Iraq,1989,12.26984024
Ireland,1989,26.83999062
Italy,1989,28.0627594
Japan,1989,29.51152039
Jordan,1989,20.61327934
Kenya,1989,1.509439945
"Korea, Rep.",1989,35.92066956
Kuwait,1989,15.08281994
Lao PDR,1989,
Latvia,1989,24.04898071
Lebanon,1989,
Lesotho,1989,1.573549986
Libya,1989,
Luxembourg,1989,
"Macedonia, FYR",1989,18.12252045
Madagascar,1989,3.546139956
Malawi,1989,0.45460999
Malaysia,1989,6.522089958
Mali,1989,0.641629994
Malta,1989,6.976069927
Mauritania,1989,3.111210108
Mauritius,1989,1.900329947
Mongolia,1989,20.15611076
Mozambique,1989,
Myanmar,1989,5.172669888
Nepal,1989,5.84469986
Netherlands,1989,32.80173874
New Zealand,1989,42.84614944
Nicaragua,1989,
Niger,1989,0.616119981
Nigeria,1989,4.122409821
Norway,1989,34.25194931
Oman,1989,3.26244998
Panama,1989,20.44702911
Papua New Guinea,1989,
Paraguay,1989,7.989079952
Peru,1989,29.59386063
Philippines,1989,26.13372993
Poland,1989,19.84487915
Portugal,1989,
Qatar,1989,18.84963036
Romania,1989,8.527810097
Russian Federation,1989,
Rwanda,1989,
Saudi Arabia,1989,
Senegal,1989,
Sierra Leone,1989,
Slovenia,1989,
Spain,1989,
Sri Lanka,1989,
St. Kitts and Nevis,1989,
St. Lucia,1989,
Suriname,1989,
Swaziland,1989,
Sweden,1989,
Switzerland,1989,
Syrian Arab Republic,1989,
Tanzania,1989,
Thailand,1989,
Tonga,1989,
Trinidad and Tobago,1989,
Tunisia,1989,
Turkey,1989,
Uganda,1989,
Ukraine,1989,
United Arab Emirates,1989,
United Kingdom,1989,
United States,1989,
"Venezuela, RB",1989,
Zimbabwe,1989,
Albania,1990,8.369110107
Argentina,1990,
Australia,1990,35.08403015
Austria,1990,32.57228851
"Bahamas, The",1990,
Bahrain,1990,
Bangladesh,1990,4.088009834
Barbados,1990,16.75488091
Belarus,1990,48.77965927
Belgium,1990,38.33956146
Benin,1990,2.122479916
Botswana,1990,
Bulgaria,1990,26.19759941
Burkina Faso,1990,0.756060004
Burundi,1990,0.703069985
Cambodia,1990,0.631340027
Cameroon,1990,2.858259916
Central African Republic,1990,1.386430025
Chad,1990,
Chile,1990,
China,1990,3.012470007
Colombia,1990,13.87662029
"Congo, Dem. Rep.",1990,2.149800062
"Congo, Rep.",1990,4.903699875
Costa Rica,1990,26.74859047
Cote d'Ivoire,1990,
Cuba,1990,21.12830925
Cyprus,1990,9.027239799
Czech Republic,1990,16.16942024
Denmark,1990,34.12242126
Dominica,1990,
Ecuador,1990,19.54109001
"Egypt, Arab Rep.",1990,14.89008045
El Salvador,1990,16.07896996
Fiji,1990,
Finland,1990,44.50114059
France,1990,36.96326065
Greece,1990,24.93856049
Guatemala,1990,
Guinea,1990,1.207980037
Guyana,1990,5.789060116
Honduras,1990,8.908670425
Hungary,1990,14.68564034
Iceland,1990,25.59647942
India,1990,5.956150055
Indonesia,1990,8.37553978
Iraq,1990,
Ireland,1990,27.41753006
Italy,1990,29.54133987
Japan,1990,29.74918938
Jordan,1990,20.45195961
Kenya,1990,
"Korea, Rep.",1990,36.87472916
Kuwait,1990,11.99489975
Lao PDR,1990,1.132969975
Latvia,1990,24.8656292
Lebanon,1990,
Lesotho,1990,1.303509951
Libya,1990,11.40909958
Luxembourg,1990,
"Macedonia, FYR",1990,16.62268066
Madagascar,1990,3.438679934
Malawi,1990,0.531729996
Malaysia,1990,7.189730167
Mali,1990,0.657670021
Malta,1990,10.38504028
Mauritania,1990,3.025160074
Mauritius,1990,3.041169882
Mongolia,1990,18.19734955
Mozambique,1990,
Myanmar,1990,5.038169861
Nepal,1990,5.220399857
Netherlands,1990,35.1465416
New Zealand,1990,39.37844086
Nicaragua,1990,7.727320194
Niger,1990,0.741330028
Nigeria,1990,
Norway,1990,38.3710289
Oman,1990,4.12278986
Panama,1990,20.9908905
Papua New Guinea,1990,
Paraguay,1990,8.335590363
Peru,1990,30.12070084
Philippines,1990,24.58946037
Poland,1990,20.38055992
Portugal,1990,20.01486969
Qatar,1990,20.19857979
Romania,1990,8.406990051
Russian Federation,1990,
Rwanda,1990,
Saudi Arabia,1990,
Senegal,1990,
Sierra Leone,1990,
Slovenia,1990,
Spain,1990,
Sri Lanka,1990,
St. Kitts and Nevis,1990,
St. Lucia,1990,
Suriname,1990,
Swaziland,1990,
Sweden,1990,
Switzerland,1990,
Syrian Arab Republic,1990,
Tanzania,1990,
Thailand,1990,
Tonga,1990,
Trinidad and Tobago,1990,
Tunisia,1990,
Turkey,1990,
Uganda,1990,
Ukraine,1990,
United Arab Emirates,1990,
United Kingdom,1990,
United States,1990,
"Venezuela, RB",1990,
Zimbabwe,1990,
Albania,1991,8.859930038
Argentina,1991,38.22399902
Australia,1991,38.01018143
Austria,1991,34.73540878
"Bahamas, The",1991,
Bahrain,1991,17.22944069
Bangladesh,1991,
Barbados,1991,26.12435913
Belarus,1991,47.65230179
Belgium,1991,39.91775131
Benin,1991,2.420840025
Botswana,1991,4.185070038
Bulgaria,1991,31.03787041
Burkina Faso,1991,0.700980008
Burundi,1991,0.787150025
Cambodia,1991,0.747590005
Cameroon,1991,3.156830072
Central African Republic,1991,1.490319967
Chad,1991,
Chile,1991,20.88331985
China,1991,2.93091011
Colombia,1991,14.69287968
"Congo, Dem. Rep.",1991,2.501909971
"Congo, Rep.",1991,4.812679768
Costa Rica,1991,28.8771801
Cote d'Ivoire,1991,
Cuba,1991,21.16641998
Cyprus,1991,10.12467003
Czech Republic,1991,16.07747078
Denmark,1991,36.48846054
Dominica,1991,5.887989998
Ecuador,1991,19.95830917
"Egypt, Arab Rep.",1991,12.6208601
El Salvador,1991,17.35811996
Fiji,1991,11.79102039
Finland,1991,48.92792892
France,1991,39.48389816
Greece,1991,36.33464813
Guatemala,1991,
Guinea,1991,1.051040053
Guyana,1991,
Honduras,1991,8.990010262
Hungary,1991,14.52085972
Iceland,1991,24.92248917
India,1991,6.038839817
Indonesia,1991,8.613180161
Iraq,1991,
Ireland,1991,27.93033981
Italy,1991,31.77528954
Japan,1991,29.77436066
Jordan,1991,22.19506073
Kenya,1991,
"Korea, Rep.",1991,37.93350983
Kuwait,1991,
Lao PDR,1991,
Latvia,1991,25.0568409
Lebanon,1991,
Lesotho,1991,1.326179981
Libya,1991,
Luxembourg,1991,4.789669991
"Macedonia, FYR",1991,15.26622963
Madagascar,1991,3.204080105
Malawi,1991,0.541689992
Malaysia,1991,7.981659889
Mali,1991,0.635839999
Malta,1991,12.6724596
Mauritania,1991,2.696490049
Mauritius,1991,3.538609982
Mongolia,1991,15.86295033
Mozambique,1991,
Myanmar,1991,
Nepal,1991,5.952690125
Netherlands,1991,39.51599121
New Zealand,1991,44.5587883
Nicaragua,1991,7.638249874
Niger,1991,
Nigeria,1991,
Norway,1991,42.33531952
Oman,1991,4.47329998
Panama,1991,22.65236092
Papua New Guinea,1991,
Paraguay,1991,
Peru,1991,31.91741943
Philippines,1991,27.1612606
Poland,1991,21.76199913
Portugal,1991,23.43029976
Qatar,1991,20.01729012
Romania,1991,9.621359825
Russian Federation,1991,
Rwanda,1991,
Saudi Arabia,1991,
Senegal,1991,
Sierra Leone,1991,
Slovenia,1991,
Spain,1991,
Sri Lanka,1991,
St. Kitts and Nevis,1991,
St. Lucia,1991,
Suriname,1991,
Swaziland,1991,
Sweden,1991,
Switzerland,1991,
Syrian Arab Republic,1991,
Tanzania,1991,
Thailand,1991,
Tonga,1991,
Trinidad and Tobago,1991,
Tunisia,1991,
Turkey,1991,
Uganda,1991,
Ukraine,1991,
United Arab Emirates,1991,
United Kingdom,1991,
United States,1991,
"Venezuela, RB",1991,
Zimbabwe,1991,
Albania,1992,9.29417038
Argentina,1992,
Australia,1992,39.38840866
Austria,1992,37.66069031
"Bahamas, The",1992,
Bahrain,1992,16.95248985
Bangladesh,1992,
Barbados,1992,27.39311981
Belarus,1992,43.8624115
Belgium,1992,
Benin,1992,2.271150112
Botswana,1992,
Bulgaria,1992,30.44894981
Burkina Faso,1992,0.930050015
Burundi,1992,0.846509993
Cambodia,1992,0.963750005
Cameroon,1992,
Central African Republic,1992,1.387009978
Chad,1992,
Chile,1992,23.9566803
China,1992,2.843889952
Colombia,1992,15.42356968
"Congo, Dem. Rep.",1992,
"Congo, Rep.",1992,5.244599819
Costa Rica,1992,31.40509033
Cote d'Ivoire,1992,2.752850056
Cuba,1992,19.71936035
Cyprus,1992,9.246979713
Czech Republic,1992,14.59228039
Denmark,1992,38.66210938
Dominica,1992,9.464900017
Ecuador,1992,
"Egypt, Arab Rep.",1992,
El Salvador,1992,
Fiji,1992,
Finland,1992,52.99055862
France,1992,42.81393051
Greece,1992,34.77109146
Guatemala,1992,
Guinea,1992,0.969099998
Guyana,1992,
Honduras,1992,9.37635994
Hungary,1992,14.92063999
Iceland,1992,29.60880089
India,1992,
Indonesia,1992,9.428839684
Iraq,1992,
Ireland,1992,30.35811043
Italy,1992,33.83098984
Japan,1992,29.96076965
Jordan,1992,21.40427017
Kenya,1992,
"Korea, Rep.",1992,39.50471878
Kuwait,1992,10.74108028
Lao PDR,1992,
Latvia,1992,25.55706978
Lebanon,1992,32.45146179
Lesotho,1992,2.266479969
Libya,1992,15.17508984
Luxembourg,1992,5.22066021
"Macedonia, FYR",1992,15.95118999
Madagascar,1992,
Malawi,1992,0.543240011
Malaysia,1992,9.076700211
Mali,1992,0.80558002
Malta,1992,14.20011044
Mauritania,1992,2.869940042
Mauritius,1992,
Mongolia,1992,14.14762974
Mozambique,1992,0.37439999
Myanmar,1992,4.345339775
Nepal,1992,5.412690163
Netherlands,1992,42.01200867
New Zealand,1992,50.51179886
Nicaragua,1992,8.36149025
Niger,1992,0.74466002
Nigeria,1992,
Norway,1992,46.01221085
Oman,1992,5.049280167
Panama,1992,24.21492958
Papua New Guinea,1992,
Paraguay,1992,
Peru,1992,31.53223038
Philippines,1992,25.82395935
Poland,1992,21.50987053
Portugal,1992,23.6657505
Qatar,1992,18.86108017
Romania,1992,10.80850983
Russian Federation,1992,
Rwanda,1992,
Saudi Arabia,1992,
Senegal,1992,
Sierra Leone,1992,
Slovenia,1992,
Spain,1992,
Sri Lanka,1992,
St. Kitts and Nevis,1992,
St. Lucia,1992,
Suriname,1992,
Swaziland,1992,
Sweden,1992,
Switzerland,1992,
Syrian Arab Republic,1992,
Tanzania,1992,
Thailand,1992,
Tonga,1992,
Trinidad and Tobago,1992,
Tunisia,1992,
Turkey,1992,
Uganda,1992,
Ukraine,1992,
United Arab Emirates,1992,
United Kingdom,1992,
United States,1992,
"Venezuela, RB",1992,
Zimbabwe,1992,
Albania,1993,11.18873978
Argentina,1993,
Australia,1993,65.06017303
Austria,1993,39.82632828
"Bahamas, The",1993,
Bahrain,1993,17.55381966
Bangladesh,1993,
Barbados,1993,25.50795937
Belarus,1993,43.34128952
Belgium,1993,45.82558823
Benin,1993,2.048609972
Botswana,1993,4.936329842
Bulgaria,1993,31.91851997
Burkina Faso,1993,1.081940055
Burundi,1993,0.947830021
Cambodia,1993,1.194429994
Cameroon,1993,
Central African Republic,1993,
Chad,1993,
Chile,1993,26.40921021
China,1993,2.93091011
Colombia,1993,15.65476036
"Congo, Dem. Rep.",1993,
"Congo, Rep.",1993,5.800720215
Costa Rica,1993,
Cote d'Ivoire,1993,3.310329914
Cuba,1993,17.73106003
Cyprus,1993,14.07258034
Czech Republic,1993,14.40950012
Denmark,1993,42.74794006
Dominica,1993,7.22495985
Ecuador,1993,
"Egypt, Arab Rep.",1993,
El Salvador,1993,18.63850975
Fiji,1993,
Finland,1993,59.43059158
France,1993,45.7188797
Greece,1993,38.12108994
Guatemala,1993,7.886479855
Guinea,1993,1.296309948
Guyana,1993,
Honduras,1993,9.205539703
Hungary,1993,16.08620071
Iceland,1993,27.34284973
India,1993,
Indonesia,1993,9.393320084
Iraq,1993,
Ireland,1993,31.90179062
Italy,1993,36.03339005
Japan,1993,
Jordan,1993,20.93047905
Kenya,1993,
"Korea, Rep.",1993,43.30445862
Kuwait,1993,11.82013988
Lao PDR,1993,1.333999991
Latvia,1993,24.29161072
Lebanon,1993,
Lesotho,1993,2.382359982
Libya,1993,
Luxembourg,1993,4.884409904
"Macedonia, FYR",1993,16.03734016
Madagascar,1993,3.570739985
Malawi,1993,0.547630012
Malaysia,1993,9.396499634
Mali,1993,0.927649975
Malta,1993,17.8040905
Mauritania,1993,3.571990013
Mauritius,1993,5.338429928
Mongolia,1993,12.26053047
Mozambique,1993,0.408499986
Myanmar,1993,5.329219818
Nepal,1993,5.170650005
Netherlands,1993,44.6330719
New Zealand,1993,56.49573135
Nicaragua,1993,
Niger,1993,
Nigeria,1993,
Norway,1993,50.2086792
Oman,1993,5.122189999
Panama,1993,25.91609955
Papua New Guinea,1993,
Paraguay,1993,10.55237961
Peru,1993,28.11548042
Philippines,1993,
Poland,1993,23.9521904
Portugal,1993,30.28900909
Qatar,1993,20.1627903
Romania,1993,12.05533028
Russian Federation,1993,
Rwanda,1993,
Saudi Arabia,1993,
Senegal,1993,
Sierra Leone,1993,
Slovenia,1993,
Spain,1993,
Sri Lanka,1993,
St. Kitts and Nevis,1993,
St. Lucia,1993,
Suriname,1993,
Swaziland,1993,
Sweden,1993,
Switzerland,1993,
Syrian Arab Republic,1993,
Tanzania,1993,
Thailand,1993,
Tonga,1993,
Trinidad and Tobago,1993,
Tunisia,1993,
Turkey,1993,
Uganda,1993,
Ukraine,1993,
United Arab Emirates,1993,
United Kingdom,1993,
United States,1993,
"Venezuela, RB",1993,
Zimbabwe,1993,
Albania,1994,10.6477499
Argentina,1994,36.78813934
Australia,1994,66.48654175
Austria,1994,42.32712936
"Bahamas, The",1994,
Bahrain,1994,16.76971054
Bangladesh,1994,
Barbados,1994,
Belarus,1994,41.43178177
Belgium,1994,48.89458847
Benin,1994,2.091589928
Botswana,1994,5.36796999
Bulgaria,1994,33.68542099
Burkina Faso,1994,1.054250002
Burundi,1994,
Cambodia,1994,1.378029943
Cameroon,1994,
Central African Republic,1994,
Chad,1994,
Chile,1994,27.46031952
China,1994,3.666640043
Colombia,1994,16.20476913
"Congo, Dem. Rep.",1994,
"Congo, Rep.",1994,
Costa Rica,1994,
Cote d'Ivoire,1994,4.17027998
Cuba,1994,16.3094902
Cyprus,1994,15.02812958
Czech Republic,1994,19.43223
Denmark,1994,44.68537903
Dominica,1994,
Ecuador,1994,
"Egypt, Arab Rep.",1994,
El Salvador,1994,20.63628006
Fiji,1994,
Finland,1994,64.08039856
France,1994,49.50629044
Greece,1994,39.68896103
Guatemala,1994,8.222900391
Guinea,1994,1.176149964
Guyana,1994,9.750359535
Honduras,1994,10.1846199
Hungary,1994,19.35170937
Iceland,1994,34.00616837
India,1994,
Indonesia,1994,10.53431988
Iraq,1994,
Ireland,1994,34.15090942
Italy,1994,40.13325882
Japan,1994,38.65584946
Jordan,1994,19.17196083
Kenya,1994,
"Korea, Rep.",1994,44.97761917
Kuwait,1994,15.00041962
Lao PDR,1994,1.325690031
Latvia,1994,22.64299965
Lebanon,1994,
Lesotho,1994,2.527879953
Libya,1994,
Luxembourg,1994,7.038400173
"Macedonia, FYR",1994,17.02758026
Madagascar,1994,2.899080038
Malawi,1994,0.574230015
Malaysia,1994,10.33798981
Mali,1994,
Malta,1994,19.20965004
Mauritania,1994,3.546070099
Mauritius,1994,4.980770111
Mongolia,1994,12.83957005
Mozambique,1994,0.457679987
Myanmar,1994,5.066380024
Nepal,1994,4.78606987
Netherlands,1994,48.60858917
New Zealand,1994,59.38179016
Nicaragua,1994,
Niger,1994,
Nigeria,1994,
Norway,1994,54.1728096
Oman,1994,5.357870102
Panama,1994,25.55620956
Papua New Guinea,1994,
Paraguay,1994,
Peru,1994,26.79137039
Philippines,1994,
Poland,1994,27.74629974
Portugal,1994,33.61452866
Qatar,1994,20.10832024
Romania,1994,13.01408958
Russian Federation,1994,
Rwanda,1994,
Saudi Arabia,1994,
Senegal,1994,
Sierra Leone,1994,
Slovenia,1994,
Spain,1994,
Sri Lanka,1994,
St. Kitts and Nevis,1994,
St. Lucia,1994,
Suriname,1994,
Swaziland,1994,
Sweden,1994,
Switzerland,1994,
Syrian Arab Republic,1994,
Tanzania,1994,
Thailand,1994,
Tonga,1994,
Trinidad and Tobago,1994,
Tunisia,1994,
Turkey,1994,
Uganda,1994,
Ukraine,1994,
United Arab Emirates,1994,
United Kingdom,1994,
United States,1994,
"Venezuela, RB",1994,
Zimbabwe,1994,
Albania,1995,10.22033978
Argentina,1995,
Australia,1995,70.20423889
Austria,1995,45.04552841
"Bahamas, The",1995,15.05303001
Bahrain,1995,16.56093025
Bangladesh,1995,
Barbados,1995,
Belarus,1995,40.50616074
Belgium,1995,54.39588165
Benin,1995,2.089649916
Botswana,1995,5.072659969
Bulgaria,1995,36.51942825
Burkina Faso,1995,1.097779989
Burundi,1995,
Cambodia,1995,1.377840042
Cameroon,1995,
Central African Republic,1995,
Chad,1995,
Chile,1995,28.31517029
China,1995,4.461070061
Colombia,1995,16.14718056
"Congo, Dem. Rep.",1995,2.518970013
"Congo, Rep.",1995,
Costa Rica,1995,
Cote d'Ivoire,1995,4.176929951
Cuba,1995,13.74732018
Cyprus,1995,17.01656914
Czech Republic,1995,20.61907959
Denmark,1995,45.47640991
Dominica,1995,
Ecuador,1995,18.18045044
"Egypt, Arab Rep.",1995,
El Salvador,1995,22.05916977
Fiji,1995,
Finland,1995,67.49276733
France,1995,50.31515121
Greece,1995,37.03152847
Guatemala,1995,8.275839806
Guinea,1995,1.262940049
Guyana,1995,8.992620468
Honduras,1995,10.13580036
Hungary,1995,22.18433952
Iceland,1995,35.49457169
India,1995,5.550330162
Indonesia,1995,11.33228016
Iraq,1995,
Ireland,1995,34.92720032
Italy,1995,41.55334854
Japan,1995,39.88428879
Jordan,1995,18.70787048
Kenya,1995,
"Korea, Rep.",1995,48.92810822
Kuwait,1995,19.41896057
Lao PDR,1995,1.658969998
Latvia,1995,23.11969948
Lebanon,1995,
Lesotho,1995,2.474750042
Libya,1995,
Luxembourg,1995,7.380899906
"Macedonia, FYR",1995,18.38200951
Madagascar,1995,2.332910061
Malawi,1995,0.569000006
Malaysia,1995,11.14906025
Mali,1995,0.941850007
Malta,1995,20.97561073
Mauritania,1995,3.483629942
Mauritius,1995,5.621409893
Mongolia,1995,14.35770035
Mozambique,1995,0.478670001
Myanmar,1995,5.196839809
Nepal,1995,4.36616993
Netherlands,1995,47.64411926
New Zealand,1995,58.28890991
Nicaragua,1995,10.78240967
Niger,1995,
Nigeria,1995,
Norway,1995,54.20378876
Oman,1995,6.281899929
Panama,1995,27.94879913
Papua New Guinea,1995,2.823990107
Paraguay,1995,9.360509872
Peru,1995,27.02247047
Philippines,1995,27.29813957
Poland,1995,31.61356926
Portugal,1995,36.49560165
Qatar,1995,21.63978004
Romania,1995,13.38833046
Russian Federation,1995,
Rwanda,1995,
Saudi Arabia,1995,
Senegal,1995,
Sierra Leone,1995,
Slovenia,1995,
Spain,1995,
Sri Lanka,1995,
St. Kitts and Nevis,1995,
St. Lucia,1995,
Suriname,1995,
Swaziland,1995,
Sweden,1995,
Switzerland,1995,
Syrian Arab Republic,1995,
Tanzania,1995,
Thailand,1995,
Tonga,1995,
Trinidad and Tobago,1995,
Tunisia,1995,
Turkey,1995,
Uganda,1995,
Ukraine,1995,
United Arab Emirates,1995,
United Kingdom,1995,
United States,1995,
"Venezuela, RB",1995,
Zimbabwe,1995,
Albania,1996,10.96304989
Argentina,1996,
Australia,1996,75.16773224
Austria,1996,47.56636047
"Bahamas, The",1996,
Bahrain,1996,17.60573959
Bangladesh,1996,
Barbados,1996,
Belarus,1996,44.69694138
Belgium,1996,56.23701096
Benin,1996,2.06137991
Botswana,1996,5.442399979
Bulgaria,1996,41.08354187
Burkina Faso,1996,1.054270029
Burundi,1996,
Cambodia,1996,1.664080024
Cameroon,1996,
Central African Republic,1996,
Chad,1996,0.564800024
Chile,1996,30.44474983
China,1996,4.996650219
Colombia,1996,17.27684975
"Congo, Dem. Rep.",1996,
"Congo, Rep.",1996,
Costa Rica,1996,
Cote d'Ivoire,1996,
Cuba,1996,12.8764801
Cyprus,1996,19.17955971
Czech Republic,1996,21.55574036
Denmark,1996,47.83076859
Dominica,1996,
Ecuador,1996,
"Egypt, Arab Rep.",1996,
El Salvador,1996,21.29442978
Fiji,1996,
Finland,1996,70.43665314
France,1996,52.27442932
Greece,1996,40.56399918
Guatemala,1996,
Guinea,1996,1.146229982
Guyana,1996,9.928380013
Honduras,1996,10.86079979
Hungary,1996,24.61347961
Iceland,1996,35.87763977
India,1996,6.28704977
Indonesia,1996,11.54181004
Iraq,1996,
Ireland,1996,36.6247406
Italy,1996,42.38817978
Japan,1996,
Jordan,1996,20.65249062
Kenya,1996,
"Korea, Rep.",1996,54.84740829
Kuwait,1996,24.25105095
Lao PDR,1996,2.406510115
Latvia,1996,27.32069969
Lebanon,1996,27.53838921
Lesotho,1996,2.550410032
Libya,1996,
Luxembourg,1996,8.092280388
"Macedonia, FYR",1996,18.82146072
Madagascar,1996,2.159600019
Malawi,1996,0.580160022
Malaysia,1996,
Mali,1996,1.053830028
Malta,1996,22.09560966
Mauritania,1996,3.689470053
Mauritius,1996,6.572219849
Mongolia,1996,16.17416954
Mozambique,1996,0.500440001
Myanmar,1996,
Nepal,1996,4.803030014
Netherlands,1996,48.39706039
New Zealand,1996,59.29727173
Nicaragua,1996,
Niger,1996,
Nigeria,1996,
Norway,1996,58.11719894
Oman,1996,6.015860081
Panama,1996,29.17030907
Papua New Guinea,1996,3.16779995
Paraguay,1996,9.371290207
Peru,1996,25.60622025
Philippines,1996,28.78787041
Poland,1996,35.79434967
Portugal,1996,38.94979095
Qatar,1996,24.03173065
Romania,1996,17.67452049
Russian Federation,1996,
Rwanda,1996,
Saudi Arabia,1996,
Senegal,1996,
Sierra Leone,1996,
Slovenia,1996,
Spain,1996,
Sri Lanka,1996,
St. Kitts and Nevis,1996,
St. Lucia,1996,
Suriname,1996,
Swaziland,1996,
Sweden,1996,
Switzerland,1996,
Syrian Arab Republic,1996,
Tanzania,1996,
Thailand,1996,
Tonga,1996,
Trinidad and Tobago,1996,
Tunisia,1996,
Turkey,1996,
Uganda,1996,
Ukraine,1996,
United Arab Emirates,1996,
United Kingdom,1996,
United States,1996,
"Venezuela, RB",1996,
Zimbabwe,1996,
Albania,1997,12.73375988
Argentina,1997,
Australia,1997,80.4278183
Austria,1997,49.64730072
"Bahamas, The",1997,
Bahrain,1997,
Bangladesh,1997,
Barbados,1997,
Belarus,1997,45.36336136
Belgium,1997,
Benin,1997,2.51079011
Botswana,1997,
Bulgaria,1997,43.17401123
Burkina Faso,1997,0.96924001
Burundi,1997,
Cambodia,1997,1.26086998
Cameroon,1997,
Central African Republic,1997,
Chad,1997,0.600430012
Chile,1997,31.63080025
China,1997,5.450910091
Colombia,1997,20.27734947
"Congo, Dem. Rep.",1997,
"Congo, Rep.",1997,
Costa Rica,1997,
Cote d'Ivoire,1997,6.479859829
Cuba,1997,12.82907009
Cyprus,1997,20.93540001
Czech Republic,1997,23.29133987
Denmark,1997,
Dominica,1997,
Ecuador,1997,18.61372948
"Egypt, Arab Rep.",1997,
El Salvador,1997,
Fiji,1997,
Finland,1997,73.49978638
France,1997,53.19895935
Greece,1997,44.25431061
Guatemala,1997,
Guinea,1997,1.166180015
Guyana,1997,11.58897972
Honduras,1997,11.70143986
Hungary,1997,26.25248909
Iceland,1997,37.7596283
India,1997,6.566959858
Indonesia,1997,13.38344002
Iraq,1997,
Ireland,1997,38.45830917
Italy,1997,46.85351944
Japan,1997,
Jordan,1997,23.3828907
Kenya,1997,
"Korea, Rep.",1997,70.87348938
Kuwait,1997,23.76596069
Lao PDR,1997,2.574709892
Latvia,1997,33.67314148
Lebanon,1997,
Lesotho,1997,
Libya,1997,
Luxembourg,1997,8.514929771
"Macedonia, FYR",1997,19.55950928
Madagascar,1997,1.934669971
Malawi,1997,
Malaysia,1997,
Mali,1997,1.456369996
Malta,1997,21.9593792
Mauritania,1997,3.88380003
Mauritius,1997,6.677010059
Mongolia,1997,18.39859009
Mozambique,1997,
Myanmar,1997,
Nepal,1997,
Netherlands,1997,47.73488998
New Zealand,1997,63.7387619
Nicaragua,1997,10.91989994
Niger,1997,
Nigeria,1997,
Norway,1997,61.5646286
Oman,1997,6.624529839
Panama,1997,
Papua New Guinea,1997,
Paraguay,1997,
Peru,1997,25.69278908
Philippines,1997,
Poland,1997,40.4799614
Portugal,1997,
Qatar,1997,24.9595108
Romania,1997,18.62499046
Russian Federation,1997,
Rwanda,1997,
Saudi Arabia,1997,
Senegal,1997,
Sierra Leone,1997,
Slovenia,1997,
Spain,1997,
Sri Lanka,1997,
St. Kitts and Nevis,1997,
St. Lucia,1997,
Suriname,1997,
Swaziland,1997,
Sweden,1997,
Switzerland,1997,
Syrian Arab Republic,1997,
Tanzania,1997,
Thailand,1997,
Tonga,1997,
Trinidad and Tobago,1997,
Tunisia,1997,
Turkey,1997,
Uganda,1997,
Ukraine,1997,
United Arab Emirates,1997,
United Kingdom,1997,
United States,1997,
"Venezuela, RB",1997,
Zimbabwe,1997,
Albania,1998,13.59475994
Argentina,1998,46.0893898
Australia,1998,68.47367859
Austria,1998,52.48339081
"Bahamas, The",1998,
Bahrain,1998,
Bangladesh,1998,
Barbados,1998,
Belarus,1998,49.4004097
Belgium,1998,
Benin,1998,
Botswana,1998,5.794079781
Bulgaria,1998,43.07300186
Burkina Faso,1998,
Burundi,1998,0.906390011
Cambodia,1998,
Cameroon,1998,
Central African Republic,1998,
Chad,1998,0.730960011
Chile,1998,33.76573944
China,1998,5.975880146
Colombia,1998,22.64175034
"Congo, Dem. Rep.",1998,
"Congo, Rep.",1998,
Costa Rica,1998,
Cote d'Ivoire,1998,
Cuba,1998,13.12514973
Cyprus,1998,
Czech Republic,1998,23.7981205
Denmark,1998,52.48291016
Dominica,1998,
Ecuador,1998,
"Egypt, Arab Rep.",1998,
El Salvador,1998,22.15237045
Fiji,1998,
Finland,1998,79.28385162
France,1998,53.71652985
Greece,1998,45.2754097
Guatemala,1998,
Guinea,1998,1.194390059
Guyana,1998,
Honduras,1998,13.53582001
Hungary,1998,30.10096931
Iceland,1998,38.50175858
India,1998,
Indonesia,1998,13.35931015
Iraq,1998,
Ireland,1998,41.25069046
Italy,1998,48.18775177
Japan,1998,45.11417007
Jordan,1998,
Kenya,1998,
"Korea, Rep.",1998,68.04257965
Kuwait,1998,
Lao PDR,1998,2.043540001
Latvia,1998,43.02885818
Lebanon,1998,
Lesotho,1998,
Libya,1998,
Luxembourg,1998,8.993149757
"Macedonia, FYR",1998,20.23576927
Madagascar,1998,2.168580055
Malawi,1998,
Malaysia,1998,21.7990303
Mali,1998,1.429730058
Malta,1998,24.32184029
Mauritania,1998,3.774169922
Mauritius,1998,
Mongolia,1998,21.17885971
Mozambique,1998,
Myanmar,1998,6.67952013
Nepal,1998,
Netherlands,1998,48.34770966
New Zealand,1998,61.95212173
Nicaragua,1998,
Niger,1998,
Nigeria,1998,
Norway,1998,62.86830902
Oman,1998,7.781050205
Panama,1998,36.30998993
Papua New Guinea,1998,1.901769996
Paraguay,1998,
Peru,1998,
Philippines,1998,27.47159958
Poland,1998,39.84720993
Portugal,1998,43.85945892
Qatar,1998,25.11182022
Romania,1998,18.89730072
Russian Federation,1998,
Rwanda,1998,
Saudi Arabia,1998,
Senegal,1998,
Sierra Leone,1998,
Slovenia,1998,
Spain,1998,
Sri Lanka,1998,
St. Kitts and Nevis,1998,
St. Lucia,1998,
Suriname,1998,
Swaziland,1998,
Sweden,1998,
Switzerland,1998,
Syrian Arab Republic,1998,
Tanzania,1998,
Thailand,1998,
Tonga,1998,
Trinidad and Tobago,1998,
Tunisia,1998,
Turkey,1998,
Uganda,1998,
Ukraine,1998,
United Arab Emirates,1998,
United Kingdom,1998,
United States,1998,
"Venezuela, RB",1998,
Zimbabwe,1998,
Albania,1999,14.80504036
Argentina,1999,47.97647858
Australia,1999,67.28881073
Austria,1999,54.51760864
"Bahamas, The",1999,
Bahrain,1999,21.64746094
Bangladesh,1999,5.456560135
Barbados,1999,34.97016144
Belarus,1999,52.30474854
Belgium,1999,56.69519043
Benin,1999,3.229629993
Botswana,1999,6.120510101
Bulgaria,1999,45.20162964
Burkina Faso,1999,0.999109983
Burundi,1999,0.994750023
Cambodia,1999,
Cameroon,1999,4.875520229
Central African Republic,1999,1.888520002
Chad,1999,
Chile,1999,37.30878067
China,1999,6.509950161
Colombia,1999,22.17126083
"Congo, Dem. Rep.",1999,1.460520029
"Congo, Rep.",1999,3.657850027
Costa Rica,1999,
Cote d'Ivoire,1999,6.643380165
Cuba,1999,20.63830948
Cyprus,1999,21.0324192
Czech Republic,1999,25.53906059
Denmark,1999,55.84922028
Dominica,1999,
Ecuador,1999,
"Egypt, Arab Rep.",1999,30.67882919
El Salvador,1999,22.31318092
Fiji,1999,
Finland,1999,81.49201965
France,1999,54.13898849
Greece,1999,46.96197891
Guatemala,1999,
Guinea,1999,
Guyana,1999,
Honduras,1999,13.31056976
Hungary,1999,32.49789047
Iceland,1999,40.02460098
India,1999,
Indonesia,1999,14.74929047
Iraq,1999,11.65211964
Ireland,1999,43.62485123
Italy,1999,48.26194
Japan,1999,46.63021851
Jordan,1999,
Kenya,1999,
"Korea, Rep.",1999,73.90223694
Kuwait,1999,24.93748093
Lao PDR,1999,2.347069979
Latvia,1999,50.90653992
Lebanon,1999,37.66897964
Lesotho,1999,2.140899897
Libya,1999,52.59170151
Luxembourg,1999,10.05673981
"Macedonia, FYR",1999,21.93885994
Madagascar,1999,2.128089905
Malawi,1999,0.304580003
Malaysia,1999,22.74404907
Mali,1999,1.868780017
Malta,1999,23.39468002
Mauritania,1999,4.047699928
Mauritius,1999,9.969969749
Mongolia,1999,26.91085052
Mozambique,1999,0.622479975
Myanmar,1999,
Nepal,1999,
Netherlands,1999,50.34051895
New Zealand,1999,64.92204285
Nicaragua,1999,
Niger,1999,
Nigeria,1999,6.083089828
Norway,1999,66.42739105
Oman,1999,
Panama,1999,38.2308197
Papua New Guinea,1999,1.894240022
Paraguay,1999,13.16331959
Peru,1999,39.01937103
Philippines,1999,28.73633957
Poland,1999,45.74129868
Portugal,1999,45.13317871
Qatar,1999,25.18577003
Romania,1999,21.42004013
Russian Federation,1999,
Rwanda,1999,
Saudi Arabia,1999,
Senegal,1999,
Sierra Leone,1999,
Slovenia,1999,
Spain,1999,
Sri Lanka,1999,
St. Kitts and Nevis,1999,
St. Lucia,1999,
Suriname,1999,
Swaziland,1999,
Sweden,1999,
Switzerland,1999,
Syrian Arab Republic,1999,
Tanzania,1999,
Thailand,1999,
Tonga,1999,
Trinidad and Tobago,1999,
Tunisia,1999,
Turkey,1999,
Uganda,1999,
Ukraine,1999,
United Arab Emirates,1999,
United Kingdom,1999,
United States,1999,
"Venezuela, RB",1999,
Zimbabwe,1999,
Albania,2000,15.6037302
Argentina,2000,53.17573929
Australia,2000,67.03890991
Austria,2000,56.57257843
"Bahamas, The",2000,
Bahrain,2000,
Bangladesh,2000,5.445340157
Barbados,2000,40.58102036
Belarus,2000,54.61008072
Belgium,2000,57.5497818
Benin,2000,3.681040049
Botswana,2000,6.879330158
Bulgaria,2000,44.49129868
Burkina Faso,2000,
Burundi,2000,1.157400012
Cambodia,2000,2.473340034
Cameroon,2000,4.614449978
Central African Republic,2000,1.862100005
Chad,2000,0.831040025
Chile,2000,37.14741898
China,2000,7.720479965
Colombia,2000,23.19449997
"Congo, Dem. Rep.",2000,
"Congo, Rep.",2000,5.188980103
Costa Rica,2000,
Cote d'Ivoire,2000,
Cuba,2000,22.36265945
Cyprus,2000,19.56232071
Czech Republic,2000,28.4217701
Denmark,2000,57.2492981
Dominica,2000,
Ecuador,2000,
"Egypt, Arab Rep.",2000,
El Salvador,2000,21.63936043
Fiji,2000,
Finland,2000,82.43907166
France,2000,54.42876053
Greece,2000,51.51860046
Guatemala,2000,
Guinea,2000,
Guyana,2000,
Honduras,2000,13.81764984
Hungary,2000,35.93188095
Iceland,2000,45.48106003
India,2000,9.547439575
Indonesia,2000,14.87967968
Iraq,2000,12.08990955
Ireland,2000,46.23575974
Italy,2000,49.3512001
Japan,2000,48.7365303
Jordan,2000,28.31962013
Kenya,2000,2.747859955
"Korea, Rep.",2000,78.43615723
Kuwait,2000,
Lao PDR,2000,2.686769962
Latvia,2000,56.63658142
Lebanon,2000,38.30614853
Lesotho,2000,2.314429998
Libya,2000,48.83058167
Luxembourg,2000,9.814339638
"Macedonia, FYR",2000,22.7719593
Madagascar,2000,2.185129881
Malawi,2000,0.333119988
Malaysia,2000,25.74225998
Mali,2000,1.917440057
Malta,2000,21.3517704
Mauritania,2000,
Mauritius,2000,11.03147984
Mongolia,2000,30.17597961
Mozambique,2000,
Myanmar,2000,
Nepal,2000,4.222229958
Netherlands,2000,53.00037003
New Zealand,2000,66.19217682
Nicaragua,2000,
Niger,2000,
Nigeria,2000,
Norway,2000,69.34229279
Oman,2000,
Panama,2000,41.33757019
Papua New Guinea,2000,
Paraguay,2000,15.94626045
Peru,2000,34.59746933
Philippines,2000,
Poland,2000,50.49322891
Portugal,2000,48.07350159
Qatar,2000,
Romania,2000,24.02647972
Russian Federation,2000,
Rwanda,2000,
Saudi Arabia,2000,
Senegal,2000,
Sierra Leone,2000,
Slovenia,2000,
Spain,2000,
Sri Lanka,2000,
St. Kitts and Nevis,2000,
St. Lucia,2000,
Suriname,2000,
Swaziland,2000,
Sweden,2000,
Switzerland,2000,
Syrian Arab Republic,2000,
Tanzania,2000,
Thailand,2000,
Tonga,2000,
Trinidad and Tobago,2000,
Tunisia,2000,
Turkey,2000,
Uganda,2000,
Ukraine,2000,
United Arab Emirates,2000,
United Kingdom,2000,
United States,2000,
"Venezuela, RB",2000,
Zimbabwe,2000,
Albania,2001,15.97496033
Argentina,2001,58.33248901
Australia,2001,67.00505066
Austria,2001,56.80604172
"Bahamas, The",2001,
Bahrain,2001,
Bangladesh,2001,6.426919937
Barbados,2001,39.82331848
Belarus,2001,56.89664841
Belgium,2001,58.24526978
Benin,2001,4.464389801
Botswana,2001,7.4302001
Bulgaria,2001,43.01794052
Burkina Faso,2001,1.156659961
Burundi,2001,1.127009988
Cambodia,2001,2.372580051
Cameroon,2001,4.628930092
Central African Republic,2001,
Chad,2001,0.825290024
Chile,2001,
China,2001,9.951310158
Colombia,2001,23.92045975
"Congo, Dem. Rep.",2001,
"Congo, Rep.",2001,4.343570232
Costa Rica,2001,
Cote d'Ivoire,2001,
Cuba,2001,25.57953072
Cyprus,2001,21.61252022
Czech Republic,2001,30.05195045
Denmark,2001,60.02825928
Dominica,2001,
Ecuador,2001,
"Egypt, Arab Rep.",2001,29.5797596
El Salvador,2001,20.78668976
Fiji,2001,
Finland,2001,84.43052673
France,2001,54.37136078
Greece,2001,59.19155121
Guatemala,2001,
Guinea,2001,
Guyana,2001,
Honduras,2001,
Hungary,2001,39.6877594
Iceland,2001,47.63999176
India,2001,9.73581028
Indonesia,2001,14.18721008
Iraq,2001,
Ireland,2001,47.65882111
Italy,2001,52.27930832
Japan,2001,49.91418839
Jordan,2001,
Kenya,2001,2.815229893
"Korea, Rep.",2001,82.47044373
Kuwait,2001,23.91443062
Lao PDR,2001,3.099319935
Latvia,2001,63.30484009
Lebanon,2001,43.40129852
Lesotho,2001,2.516269922
Libya,2001,54.18032837
Luxembourg,2001,10.21576977
"Macedonia, FYR",2001,24.53260994
Madagascar,2001,2.08039999
Malawi,2001,0.373840004
Malaysia,2001,25.04660988
Mali,2001,2.055799961
Malta,2001,25.16529083
Mauritania,2001,3.38338995
Mauritius,2001,17.10540962
Mongolia,2001,34.20265961
Mozambique,2001,
Myanmar,2001,10.56917
Nepal,2001,4.534770012
Netherlands,2001,55.09716034
New Zealand,2001,66.59294128
Nicaragua,2001,
Niger,2001,
Nigeria,2001,
Norway,2001,70.27973938
Oman,2001,
Panama,2001,40.83679962
Papua New Guinea,2001,
Paraguay,2001,17.92789078
Peru,2001,31.18767929
Philippines,2001,30.34026909
Poland,2001,55.51588821
Portugal,2001,50.81964111
Qatar,2001,20.02565002
Romania,2001,28.75435066
Russian Federation,2001,
Rwanda,2001,
Saudi Arabia,2001,
Senegal,2001,
Sierra Leone,2001,
Slovenia,2001,
Spain,2001,
Sri Lanka,2001,
St. Kitts and Nevis,2001,
St. Lucia,2001,
Suriname,2001,
Swaziland,2001,
Sweden,2001,
Switzerland,2001,
Syrian Arab Republic,2001,
Tanzania,2001,
Thailand,2001,
Tonga,2001,
Trinidad and Tobago,2001,
Tunisia,2001,
Turkey,2001,
Uganda,2001,
Ukraine,2001,
United Arab Emirates,2001,
United Kingdom,2001,
United States,2001,
"Venezuela, RB",2001,
Zimbabwe,2001,
Albania,2002,16.43170929
Argentina,2002,62.23300934
Australia,2002,75.75243378
Austria,2002,46.53516006
"Bahamas, The",2002,
Bahrain,2002,
Bangladesh,2002,6.130790234
Barbados,2002,
Belarus,2002,59.36820984
Belgium,2002,59.11626816
Benin,2002,5.264689922
Botswana,2002,7.757589817
Bulgaria,2002,40.86594009
Burkina Faso,2002,1.411880016
Burundi,2002,1.762060046
Cambodia,2002,2.482110023
Cameroon,2002,5.055789948
Central African Republic,2002,
Chad,2002,
Chile,2002,41.74811935
China,2002,12.79104042
Colombia,2002,23.96557045
"Congo, Dem. Rep.",2002,
"Congo, Rep.",2002,3.881779909
Costa Rica,2002,
Cote d'Ivoire,2002,
Cuba,2002,27.35268021
Cyprus,2002,25.1022892
Czech Republic,2002,34.52164841
Denmark,2002,63.53427124
Dominica,2002,
Ecuador,2002,
"Egypt, Arab Rep.",2002,30.53313065
El Salvador,2002,21.49571037
Fiji,2002,
Finland,2002,84.95935059
France,2002,53.37950897
Greece,2002,66.81391144
Guatemala,2002,8.796480179
Guinea,2002,
Guyana,2002,
Honduras,2002,
Hungary,2002,44.56143951
Iceland,2002,54.05001831
India,2002,10.22144985
Indonesia,2002,14.81107044
Iraq,2002,12.78602982
Ireland,2002,49.87157059
Italy,2002,54.94989014
Japan,2002,50.70753098
Jordan,2002,30.6953907
Kenya,2002,2.824160099
"Korea, Rep.",2002,86.49107361
Kuwait,2002,22.88462067
Lao PDR,2002,4.16050005
Latvia,2002,67.72492981
Lebanon,2002,44.83935165
Lesotho,2002,2.47954011
Libya,2002,59.21342087
Luxembourg,2002,11.85052013
"Macedonia, FYR",2002,26.92806053
Madagascar,2002,2.156359911
Malawi,2002,0.402090013
Malaysia,2002,27.40694046
Mali,2002,2.068969965
Malta,2002,24.65608978
Mauritania,2002,2.974679947
Mauritius,2002,15.84506989
Mongolia,2002,35.79769897
Mozambique,2002,
Myanmar,2002,
Nepal,2002,5.247310162
Netherlands,2002,56.18806839
New Zealand,2002,67.27667999
Nicaragua,2002,17.73031998
Niger,2002,
Nigeria,2002,
Norway,2002,73.37283325
Oman,2002,
Panama,2002,40.41368866
Papua New Guinea,2002,
Paraguay,2002,26.31949043
Peru,2002,31.58625031
Philippines,2002,30.16803932
Poland,2002,58.22227859
Portugal,2002,53.06124878
Qatar,2002,16.83905029
Romania,2002,32.6182518
Russian Federation,2002,
Rwanda,2002,
Saudi Arabia,2002,
Senegal,2002,
Sierra Leone,2002,
Slovenia,2002,
Spain,2002,
Sri Lanka,2002,
St. Kitts and Nevis,2002,
St. Lucia,2002,
Suriname,2002,
Swaziland,2002,
Sweden,2002,
Switzerland,2002,
Syrian Arab Republic,2002,
Tanzania,2002,
Thailand,2002,
Tonga,2002,
Trinidad and Tobago,2002,
Tunisia,2002,
Turkey,2002,
Uganda,2002,
Ukraine,2002,
United Arab Emirates,2002,
United Kingdom,2002,
United States,2002,
"Venezuela, RB",2002,
Zimbabwe,2002,
Albania,2003,16.80555916
Argentina,2003,64.80724335
Australia,2003,73.39425659
Austria,2003,46.42351913
"Bahamas, The",2003,
Bahrain,2003,27.94310951
Bangladesh,2003,6.177800179
Barbados,2003,
Belarus,2003,62.12060928
Belgium,2003,59.86478043
Benin,2003,5.819910049
Botswana,2003,9.00992012
Bulgaria,2003,41.52048111
Burkina Faso,2003,1.601390004
Burundi,2003,
Cambodia,2003,2.909739971
Cameroon,2003,5.090799809
Central African Republic,2003,
Chad,2003,0.922919989
Chile,2003,44.59429169
China,2003,15.63580036
Colombia,2003,
"Congo, Dem. Rep.",2003,
"Congo, Rep.",2003,3.885360003
Costa Rica,2003,
Cote d'Ivoire,2003,
Cuba,2003,33.14498901
Cyprus,2003,31.9636097
Czech Republic,2003,37.09241104
Denmark,2003,67.53456116
Dominica,2003,
Ecuador,2003,
"Egypt, Arab Rep.",2003,27.35322952
El Salvador,2003,22.12166023
Fiji,2003,15.77713013
Finland,2003,87.07688141
France,2003,54.81666183
Greece,2003,72.2961731
Guatemala,2003,
Guinea,2003,
Guyana,2003,7.854829788
Honduras,2003,17.00469971
Hungary,2003,52.28739929
Iceland,2003,62.17449951
India,2003,10.67383957
Indonesia,2003,16.02807999
Iraq,2003,
Ireland,2003,51.29365921
Italy,2003,58.14881897
Japan,2003,51.8357811
Jordan,2003,34.3309288
Kenya,2003,
"Korea, Rep.",2003,89.26271057
Kuwait,2003,21.38511086
Lao PDR,2003,4.948019981
Latvia,2003,72.41555786
Lebanon,2003,42.9475708
Lesotho,2003,2.957540035
Libya,2003,61.13713074
Luxembourg,2003,12.18566036
"Macedonia, FYR",2003,27.20605087
Madagascar,2003,2.369689941
Malawi,2003,0.411639988
Malaysia,2003,30.52710915
Mali,2003,
Malta,2003,30.45862007
Mauritania,2003,3.16189003
Mauritius,2003,16.5542202
Mongolia,2003,37.98134995
Mozambique,2003,
Myanmar,2003,
Nepal,2003,5.327620029
Netherlands,2003,56.79526901
New Zealand,2003,68.98010254
Nicaragua,2003,
Niger,2003,0.95964998
Nigeria,2003,9.640780449
Norway,2003,79.1078186
Oman,2003,
Panama,2003,44.26295853
Papua New Guinea,2003,
Paraguay,2003,25.02930069
Peru,2003,31.57567978
Philippines,2003,29.05920029
Poland,2003,59.46221924
Portugal,2003,54.9695816
Qatar,2003,15.33668041
Romania,2003,37.60491943
Russian Federation,2003,
Rwanda,2003,
Saudi Arabia,2003,
Senegal,2003,
Sierra Leone,2003,
Slovenia,2003,
Spain,2003,
Sri Lanka,2003,
St. Kitts and Nevis,2003,
St. Lucia,2003,
Suriname,2003,
Swaziland,2003,
Sweden,2003,
Switzerland,2003,
Syrian Arab Republic,2003,
Tanzania,2003,
Thailand,2003,
Tonga,2003,
Trinidad and Tobago,2003,
Tunisia,2003,
Turkey,2003,
Uganda,2003,
Ukraine,2003,
United Arab Emirates,2003,
United Kingdom,2003,
United States,2003,
"Venezuela, RB",2003,
Zimbabwe,2003,
Albania,2004,20.05554008
Argentina,2004,65.23638916
Australia,2004,71.69843292
Austria,2004,47.20038986
"Bahamas, The",2004,
Bahrain,2004,
Bangladesh,2004,5.694300175
Barbados,2004,
Belarus,2004,64.34111786
Belgium,2004,61.24803162
Benin,2004,5.872039795
Botswana,2004,9.492659569
Bulgaria,2004,41.93650818
Burkina Faso,2004,
Burundi,2004,2.282619953
Cambodia,2004,2.808900118
Cameroon,2004,5.058790207
Central African Republic,2004,1.701550007
Chad,2004,1.206529975
Chile,2004,44.75780869
China,2004,17.91102982
Colombia,2004,26.61447906
"Congo, Dem. Rep.",2004,
"Congo, Rep.",2004,
Costa Rica,2004,27.28141975
Cote d'Ivoire,2004,
Cuba,2004,54.39498138
Cyprus,2004,35.86368942
Czech Republic,2004,43.82500076
Denmark,2004,74.43656921
Dominica,2004,
Ecuador,2004,
"Egypt, Arab Rep.",2004,28.53964043
El Salvador,2004,22.77890968
Fiji,2004,15.95223045
Finland,2004,89.66361237
France,2004,55.2183609
Greece,2004,78.48364258
Guatemala,2004,
Guinea,2004,2.140660048
Guyana,2004,11.70956993
Honduras,2004,17.05581093
Hungary,2004,60.15528107
Iceland,2004,68.41223907
India,2004,10.98427963
Indonesia,2004,16.61841011
Iraq,2004,15.93052959
Ireland,2004,53.71910095
Italy,2004,61.81431961
Japan,2004,53.57675934
Jordan,2004,38.78591156
Kenya,2004,2.9214499
"Korea, Rep.",2004,91.02323914
Kuwait,2004,20.36401939
Lao PDR,2004,5.7636199
Latvia,2004,77.2820282
Lebanon,2004,43.48907852
Lesotho,2004,
Libya,2004,
Luxembourg,2004,
"Macedonia, FYR",2004,27.66789055
Madagascar,2004,2.747260094
Malawi,2004,0.484719992
Malaysia,2004,29.96435928
Mali,2004,
Malta,2004,26.84890938
Mauritania,2004,3.193049908
Mauritius,2004,17.82250977
Mongolia,2004,40.78588104
Mozambique,2004,1.130789995
Myanmar,2004,
Nepal,2004,6.281119823
Netherlands,2004,58.05326843
New Zealand,2004,83.60092926
Nicaragua,2004,
Niger,2004,0.930589974
Nigeria,2004,9.853159904
Norway,2004,79.26380157
Oman,2004,
Panama,2004,43.32154846
Papua New Guinea,2004,
Paraguay,2004,25.26810074
Peru,2004,33.24757004
Philippines,2004,28.34799004
Poland,2004,60.71324158
Portugal,2004,55.74679184
Qatar,2004,17.27170944
Romania,2004,41.4217186
Russian Federation,2004,
Rwanda,2004,
Saudi Arabia,2004,
Senegal,2004,
Sierra Leone,2004,
Slovenia,2004,
Spain,2004,
Sri Lanka,2004,
St. Kitts and Nevis,2004,
St. Lucia,2004,
Suriname,2004,
Swaziland,2004,
Sweden,2004,
Switzerland,2004,
Syrian Arab Republic,2004,
Tanzania,2004,
Thailand,2004,
Tonga,2004,
Trinidad and Tobago,2004,
Tunisia,2004,
Turkey,2004,
Uganda,2004,
Ukraine,2004,
United Arab Emirates,2004,
United Kingdom,2004,
United States,2004,
"Venezuela, RB",2004,
Zimbabwe,2004,
